name,location,area,address,website,yelp,open_at,close_at
Diesel Cafe,Davis Sq,Somerville,"57 Elm St, Somerville, MA 02144",diesel-cafe.com,4.00,6:00,23:00
3 Little Figs,Porter Sq,Somerville,"278 Highland Ave, Somerville, MA 02143",3littlefigs.com,4.50,7:00,16:00
Bloc 11 Cafe,Union Sq,Somerville,"11 Bow St, Somerville, MA, 02143",blocsomerville.com,3.50,7:00,20:00
Fortissimo Coffeehouse,Union Sq,Somerville,"365 Somerville Ave, 02143",facebook.com/FortissimoCoffeehouse/,4.00,7:00,17:00
Crema Cafe,Harvard Sq,Cambridge,"27 Brattle St, Cambridge, MA 02138",cremacambridge.com,4.00,7:00,21:00
Dwelltime,Central Sq,Cambridge,"364 Broadway, Cambridge, MA, 02139",barismo.com,3.50,7:00,18:00
George Howell Coffee,Downtown Crossing,Boston,"505 Washington St, Boston, MA, 02135",georgehowellcoffee.com,4.00,6:30,20:00
Fuel America,Brighton,Allston/ Brighton,"152 Chestnut Hill Ave, Brighton, MA, 02135",fuelamerica.us,4.00,7:00,20:00
Cafenation,Brighton,Allston/ Brighton,"380 Washington St, Brighton, MA,Â 02135",,4.00,7:00,6:00
In House Cafe,Allston,Allston/ Brighton,"194 Harvard Ave, Allston, MA 02134",in-housecafe.com,4.50,8:00,21:00
Render Coffee,South End,Boston,"563 Columbus Ave, Boston, MA 02118",rendercoffeebar.com,4.50,7:00,19:00
Pavement Coffeehouse,Back Bay,Boston,"1096 Boylston St, Boston, MA 02215",pavementcoffeehouse.com,4.00,7:00,19:00
Pavement Coffeehouse,Notheastern,Boston,"44 Gainsborough St, Boston, MA 02115",pavementcoffeehouse.com,3.50,7:00,20:00
Wired Puppy,Back Bay,Boston,"250 Newbury St, Boston, MA 02116",wiredpuppy.com,4.00,6:30,19:30
Barrington Coffee Roasting Company,Back Bay,Boston,"303 Newbury St, Boston, MA 02115",barringtoncoffee.com,4.50,7:00,19:00
Thinking Cup,Downtown Crossing,Boston,"165 Tremont St, Boston, MA 02111",thinkingcup.com,4.00,7:00,23:00
Thinking Cup,Back Bay,Boston,"85 Newbury St, Boston, MA 02116",thinkingcup.com,4.50,7:00,23:00
Thinking Cup,North End,Boston,"236 Hanover St, Boston, MA 02113",thinkingcup.com,4.00,7:00,23:00
Barrington Coffee Roasting Company,Fort Point,Boston,"346 Congress St, Boston, MA 02210",barringtoncoffee.com,4.00,6:30,19:00
Gracenote,South Station,Boston,"108 Lincoln St, Boston, MA 02111",gracenotecoffee.com,4.50,7:00,16:30
Flat Black Coffee Company,Ashmont,Dorchester,"1906 Dorchester Ave, Dorchester, MA 02124",flatblackcoffee.com,4.00,6:30,17:00
Flat Black Coffee Company,Lower Mills,Dorchester,"1170 Washington St, Dorchester, MA 02124",flatblackcoffee.com,4.00,6:30,16:00